{
    "products": [
      {
        "_id": "item1",
        "image": "/images/ps3.jpg",
        "title": "PS3 Console",
        "description": "PS3 Console make ur free time worth.Heavy console with Realistic Experience",
        "availableMemory":["200GB","500GB","1TB"] ,
        "Category":"Console",
        "price": 25000
      },
      {
        "_id": "item2",
        "image": "/images/ps4.jpg",
        "title": "PS4  Console",
        "description": "PS4 Console make ur free time worth.Heavy console with Realistic Experience",
        "availableMemory": ["500GB","1TB"] ,
        "Category":"Console",
        "price": 35000
      },
      {
        "_id": "item3",
        "image": "/images/ps5.jpg",
        "title": "PS5  Console",
        "description": "PS5 Console make ur free time worth.Heavy console with Realistic Experience",
        "availableMemory": ["500GB","1TB"] ,
        "Category":"Console",
        "price": 50000
      },
      {
        "_id": "item4",
        "image": "/images/xbs.jpg",
        "title": "Xbox one series",
        "description": "xbox Console make ur free time worth.Heavy console with Realistic Experience",
        "availableMemory": ["500GB","1TB"],
        "price": 35000
      },
      {
        "_id": "item5",
        "image": "/images/xbs.jpg",
        "title": "Xbox s series",
        "description": "xbox Console make ur free time worth.Heavy console with Realistic Experience",
        "availableMemory": ["500GB","1TB"],
        "Category":"Console",
        "price": 35000
      },
      {
        "_id": "item6",
        "image": "/images/js.jpg",
        "title": "PS5 Controller",
        "description": "PS5 Controller  with Realistic Experience",
        "Category":"Controller",
        "availableMemory": [""],
        "price": 35000
      }
    ]
  }