 [
      {
        "country": "Afghanistan",
        "AlphaCode": "AF"
    },
    {
        "country": "Albania",
        "AlphaCode": "AL"
    },
    {
        "country": "Algeria",
        "AlphaCode": "DZ"
    },
    {
        "country": "American Samoa",
        "AlphaCode": "AS"
    },
    {
        "country": "Andorra",
        "AlphaCode": "AD"
    },
    {
        "country": "Angola",
        "AlphaCode": "AO"
    },
    {
        "country": "Anguilla",
        "AlphaCode": "AI"
    },
    {
        "country": "Antarctica",
        "AlphaCode": "AQ"
    },
    {
        "country": "Antigua and Barbuda",
        "AlphaCode": "AG"
    },
    {
        "country": "Argentina",
        "AlphaCode": "AR"
    },
    {
        "country": "Armenia",
        "AlphaCode": "AM"
    },
    {
        "country": "Aruba",
        "AlphaCode": "AW"
    },
    {
        "country": "Australia",
        "AlphaCode": "AU"
    },
    {
        "country": "Austria",
        "AlphaCode": "AT"
    },
    {
        "country": "Azerbaijan",
        "AlphaCode": "AZ"
    },
    {
        "country": "Bahamas",
        "AlphaCode": "BS"
    },
    {
        "country": "Bahrain",
        "AlphaCode": "BH"
    },
    {
        "country": "Bangladesh",
        "AlphaCode": "BD"
    },
    {
        "country": "Barbados",
        "AlphaCode": "BB"
    },
    {
        "country": "Belarus",
        "AlphaCode": "BY"
    },
    {
        "country": "Belgium",
        "AlphaCode": "BE"
    },
    {
        "country": "Belize",
        "AlphaCode": "BZ"
    },
    {
        "country": "Benin",
        "AlphaCode": "BJ"
    },
    {
        "country": "Bermuda",
        "AlphaCode": "BM"
    },
    {
        "country": "Bhutan",
        "AlphaCode": "BT"
    },
    {
        "country": "Bolivia",
        "AlphaCode": "BO"
    },
    {
        "country": "Bosnia and Herzegovina",
        "AlphaCode": "BA"
    },
    {
        "country": "Botswana",
        "AlphaCode": "BW"
    },
    {
        "country": "Bouvet Island",
        "AlphaCode": "BV"
    },
    {
        "country": "Brazil",
        "AlphaCode": "BR"
    },
    {
        "country": "British Indian Ocean Territory",
        "AlphaCode": "IO"
    },
    {
        "country": "Brunei",
        "AlphaCode": "BN"
    },
    {
        "country": "Bulgaria",
        "AlphaCode": "BG"
    },
    {
        "country": "Burkina Faso",
        "AlphaCode": "BF"
    },
    {
        "country": "Burundi",
        "AlphaCode": "BI"
    },
    {
        "country": "Cambodia",
        "AlphaCode": "KH"
    },
    {
        "country": "Cameroon",
        "AlphaCode": "CM"
    },
    {
        "country": "Canada",
        "AlphaCode": "CA"
    },
    {
        "country": "Cape Verde",
        "AlphaCode": "CV"
    },
    {
        "country": "Cayman Islands",
        "AlphaCode": "KY"
    },
    {
        "country": "Central African Republic",
        "AlphaCode": "CF"
    },
    {
        "country": "Chad",
        "AlphaCode": "TD"
    },
    {
        "country": "Chile",
        "AlphaCode": "CL"
    },
    {
        "country": "China",
        "AlphaCode": "CN"
    },
    {
        "country": "Christmas Island",
        "AlphaCode": "CX"
    },
    {
        "country": "Cocos (Keeling) Islands",
        "AlphaCode": "CC"
    },
    {
        "country": "Colombia",
        "AlphaCode": "CO"
    },
    {
        "country": "Comoros",
        "AlphaCode": "KM"
    },
    {
        "country": "Congo",
        "AlphaCode": "CG"
    },
    {
        "country": "Cook Islands",
        "AlphaCode": "CK"
    },
    {
        "country": "Costa Rica",
        "AlphaCode": "CR"
    },
    {
        "country": "Croatia",
        "AlphaCode": "HR"
    },
    {
        "country": "Cuba",
        "AlphaCode": "CU"
    },
    {
        "country": "Cyprus",
        "AlphaCode": "CY"
    },
    {
        "country": "Czech Republic",
        "AlphaCode": "CZ"
    },
    {
        "country": "Denmark",
        "AlphaCode": "DK"
    },
    {
        "country": "Djibouti",
        "AlphaCode": "DJ"
    },
    {
        "country": "Dominica",
        "AlphaCode": "DM"
    },
    {
        "country": "Dominican Republic",
        "AlphaCode": "DO"
    },
    {
        "country": "East Timor",
        "AlphaCode": "TP"
    },
    {
        "country": "Ecuador",
        "AlphaCode": "EC"
    },
    {
        "country": "Egypt",
        "AlphaCode": "EG"
    },
    {
        "country": "El Salvador",
        "AlphaCode": "SV"
    },
    {
        "country": "Equatorial Guinea",
        "AlphaCode": "GQ"
    },
    {
        "country": "Eritrea",
        "AlphaCode": "ER"
    },
    {
        "country": "Estonia",
        "AlphaCode": "EE"
    },
    {
        "country": "Ethiopia",
        "AlphaCode": "ET"
    },
    {
        "country": "Falkland Islands",
        "AlphaCode": "FK"
    },
    {
        "country": "Faroe Islands",
        "AlphaCode": "FO"
    },
    {
        "country": "Fiji Islands",
        "AlphaCode": "FJ"
    },
    {
        "country": "Finland",
        "AlphaCode": "FI"
    },
    {
        "country": "France",
        "AlphaCode": "FR"
    },
    {
        "country": "French Guiana",
        "AlphaCode": "GF"
    },
    {
        "country": "French Polynesia",
        "AlphaCode": "PF"
    },
    {
        "country": "French Southern territories",
        "AlphaCode": "TF"
    },
    {
        "country": "Gabon",
        "AlphaCode": "GA"
    },
    {
        "country": "Gambia",
        "AlphaCode": "GM"
    },
    {
        "country": "Georgia",
        "AlphaCode": "GE"
    },
    {
        "country": "Germany",
        "AlphaCode": "DE"
    },
    {
        "country": "Ghana",
        "AlphaCode": "GH"
    },
    {
        "country": "Gibraltar",
        "AlphaCode": "GI"
    },
    {
        "country": "Greece",
        "AlphaCode": "GR"
    },
    {
        "country": "Greenland",
        "AlphaCode": "GL"
    },
    {
        "country": "Grenada",
        "AlphaCode": "GD"
    },
    {
        "country": "Guadeloupe",
        "AlphaCode": "GP"
    },
    {
        "country": "Guam",
        "AlphaCode": "GU"
    },
    {
        "country": "Guatemala",
        "AlphaCode": "GT"
    },
    {
        "country": "Guernsey",
        "AlphaCode": "GG"
    },
    {
        "country": "Guinea",
        "AlphaCode": "GN"
    },
    {
        "country": "Guinea-Bissau",
        "AlphaCode": "GW"
    },
    {
        "country": "Guyana",
        "AlphaCode": "GY"
    },
    {
        "country": "Haiti",
        "AlphaCode": "HT"
    },
    {
        "country": "Heard Island and McDonald Islands",
        "AlphaCode": "HM"
    },
    {
        "country": "Holy See (Vatican City State)",
        "AlphaCode": "VA"
    },
    {
        "country": "Honduras",
        "AlphaCode": "HN"
    },
    {
        "country": "Hong Kong",
        "AlphaCode": "HK"
    },
    {
        "country": "Hungary",
        "AlphaCode": "HU"
    },
    {
        "country": "Iceland",
        "AlphaCode": "IS"
    },
    {
        "country": "India",
        "AlphaCode": "IN"
    },
    {
        "country": "Indonesia",
        "AlphaCode": "ID"
    },
    {
        "country": "Iran",
        "AlphaCode": "IR"
    },
    {
        "country": "Iraq",
        "AlphaCode": "IQ"
    },
    {
        "country": "Ireland",
        "AlphaCode": "IE"
    },
    {
        "country": "Isle of Man",
        "AlphaCode": "IM"
    },
    {
        "country": "Israel",
        "AlphaCode": "IL"
    },
    {
        "country": "Italy",
        "AlphaCode": "IT"
    },
    {
        "country": "Ivory Coast",
        "AlphaCode": "CI"
    },
    {
        "country": "Jamaica",
        "AlphaCode": "JM"
    },
    {
        "country": "Japan",
        "AlphaCode": "JP"
    },
    {
        "country": "Jersey",
        "AlphaCode": "JE"
    },
    {
        "country": "Jordan",
        "AlphaCode": "JO"
    },
    {
        "country": "Kazakhstan",
        "AlphaCode": "KZ"
    },
    {
        "country": "Kenya",
        "AlphaCode": "KE"
    },
    {
        "country": "Kiribati",
        "AlphaCode": "KI"
    },
    {
        "country": "Kuwait",
        "AlphaCode": "KW"
    },
    {
        "country": "Kyrgyzstan",
        "AlphaCode": "KG"
    },
    {
        "country": "Laos",
        "AlphaCode": "LA"
    },
    {
        "country": "Latvia",
        "AlphaCode": "LV"
    },
    {
        "country": "Lebanon",
        "AlphaCode": "LB"
    },
    {
        "country": "Lesotho",
        "AlphaCode": "LS"
    },
    {
        "country": "Liberia",
        "AlphaCode": "LR"
    },
    {
        "country": "Libyan Arab Jamahiriya",
        "AlphaCode": "LY"
    },
    {
        "country": "Liechtenstein",
        "AlphaCode": "LI"
    },
    {
        "country": "Lithuania",
        "AlphaCode": "LT"
    },
    {
        "country": "Luxembourg",
        "AlphaCode": "LU"
    },
    {
        "country": "Macao",
        "AlphaCode": "MO"
    },
    {
        "country": "North Macedonia",
        "AlphaCode": "MK"
    },
    {
        "country": "Madagascar",
        "AlphaCode": "MG"
    },
    {
        "country": "Malawi",
        "AlphaCode": "MW"
    },
    {
        "country": "Malaysia",
        "AlphaCode": "MY"
    },
    {
        "country": "Maldives",
        "AlphaCode": "MV"
    },
    {
        "country": "Mali",
        "AlphaCode": "ML"
    },
    {
        "country": "Malta",
        "AlphaCode": "MT"
    },
    {
        "country": "Marshall Islands",
        "AlphaCode": "MH"
    },
    {
        "country": "Martinique",
        "AlphaCode": "MQ"
    },
    {
        "country": "Mauritania",
        "AlphaCode": "MR"
    },
    {
        "country": "Mauritius",
        "AlphaCode": "MU"
    },
    {
        "country": "Mayotte",
        "AlphaCode": "YT"
    },
    {
        "country": "Mexico",
        "AlphaCode": "MX"
    },
    {
        "country": "Micronesia, Federated States of",
        "AlphaCode": "FM"
    },
    {
        "country": "Moldova",
        "AlphaCode": "MD"
    },
    {
        "country": "Monaco",
        "AlphaCode": "MC"
    },
    {
        "country": "Mongolia",
        "AlphaCode": "MN"
    },
    {
        "country": "Montenegro",
        "AlphaCode": "ME"
    },
    {
        "country": "Montserrat",
        "AlphaCode": "MS"
    },
    {
        "country": "Morocco",
        "AlphaCode": "MA"
    },
    {
        "country": "Mozambique",
        "AlphaCode": "MZ"
    },
    {
        "country": "Myanmar",
        "AlphaCode": "MM"
    },
    {
        "country": "Namibia",
        "AlphaCode": "NA"
    },
    {
        "country": "Nauru",
        "AlphaCode": "NR"
    },
    {
        "country": "Nepal",
        "AlphaCode": "NP"
    },
    {
        "country": "Netherlands",
        "AlphaCode": "NL"
    },
    {
        "country": "Netherlands Antilles",
        "AlphaCode": "AN"
    },
    {
        "country": "New Caledonia",
        "AlphaCode": "NC"
    },
    {
        "country": "New Zealand",
        "AlphaCode": "NZ"
    },
    {
        "country": "Nicaragua",
        "AlphaCode": "NI"
    },
    {
        "country": "Niger",
        "AlphaCode": "NE"
    },
    {
        "country": "Nigeria",
        "AlphaCode": "NG"
    },
    {
        "country": "Niue",
        "AlphaCode": "NU"
    },
    {
        "country": "Norfolk Island",
        "AlphaCode": "NF"
    },
    {
        "country": "North Korea",
        "AlphaCode": "KP"
    },
    {
        "country": "Northern Ireland",
        "AlphaCode": "GB"
    },
    {
        "country": "Northern Mariana Islands",
        "AlphaCode": "MP"
    },
    {
        "country": "Norway",
        "AlphaCode": "NO"
    },
    {
        "country": "Oman",
        "AlphaCode": "OM"
    },
    {
        "country": "Pakistan",
        "AlphaCode": "PK"
    },
    {
        "country": "Palau",
        "AlphaCode": "PW"
    },
    {
        "country": "Palestine",
        "AlphaCode": "PS"
    },
    {
        "country": "Panama",
        "AlphaCode": "PA"
    },
    {
        "country": "Papua New Guinea",
        "AlphaCode": "PG"
    },
    {
        "country": "Paraguay",
        "AlphaCode": "PY"
    },
    {
        "country": "Peru",
        "AlphaCode": "PE"
    },
    {
        "country": "Philippines",
        "AlphaCode": "PH"
    },
    {
        "country": "Pitcairn",
        "AlphaCode": "PN"
    },
    {
        "country": "Poland",
        "AlphaCode": "PL"
    },
    {
        "country": "Portugal",
        "AlphaCode": "PT"
    },
    {
        "country": "Puerto Rico",
        "AlphaCode": "PR"
    },
    {
        "country": "Qatar",
        "AlphaCode": "QA"
    },
    {
        "country": "Reunion",
        "AlphaCode": "RE"
    },
    {
        "country": "Romania",
        "AlphaCode": "RO"
    },
    {
        "country": "Russian Federation",
        "AlphaCode": "RU"
    },
    {
        "country": "Rwanda",
        "AlphaCode": "RW"
    },
    {
        "country": "Saint Helena",
        "AlphaCode": "SH"
    },
    {
        "country": "Saint Kitts and Nevis",
        "AlphaCode": "KN"
    },
    {
        "country": "Saint Lucia",
        "AlphaCode": "LC"
    },
    {
        "country": "Saint Pierre and Miquelon",
        "AlphaCode": "PM"
    },
    {
        "country": "Saint Vincent and the Grenadines",
        "AlphaCode": "VC"
    },
    {
        "country": "Samoa",
        "AlphaCode": "WS"
    },
    {
        "country": "San Marino",
        "AlphaCode": "SM"
    },
    {
        "country": "Sao Tome and Principe",
        "AlphaCode": "ST"
    },
    {
        "country": "Saudi Arabia",
        "AlphaCode": "SA"
    },
    {
        "country": "Senegal",
        "AlphaCode": "SN"
    },
    {
        "country": "Serbia",
        "AlphaCode": "RS"
    },
    {
        "country": "Seychelles",
        "AlphaCode": "SC"
    },
    {
        "country": "Sierra Leone",
        "AlphaCode": "SL"
    },
    {
        "country": "Singapore",
        "AlphaCode": "SG"
    },
    {
        "country": "Slovakia",
        "AlphaCode": "SK"
    },
    {
        "country": "Slovenia",
        "AlphaCode": "SI"
    },
    {
        "country": "Solomon Islands",
        "AlphaCode": "SB"
    },
    {
        "country": "Somalia",
        "AlphaCode": "SO"
    },
    {
        "country": "South Africa",
        "AlphaCode": "ZA"
    },
    {
        "country": "South Georgia and the South Sandwich Islands",
        "AlphaCode": "GS"
    },
    {
        "country": "South Korea",
        "AlphaCode": "KR"
    },
    {
        "country": "South Sudan",
        "AlphaCode": "SS"
    },
    {
        "country": "Spain",
        "AlphaCode": "ES"
    },
    {
        "country": "Sri Lanka",
        "AlphaCode": "LK"
    },
    {
        "country": "Sudan",
        "AlphaCode": "SD"
    },
    {
        "country": "Suriname",
        "AlphaCode": "SR"
    },
    {
        "country": "Svalbard and Jan Mayen",
        "AlphaCode": "SJ"
    },
    {
        "country": "Swaziland",
        "AlphaCode": "SZ"
    },
    {
        "country": "Sweden",
        "AlphaCode": "SE"
    },
    {
        "country": "Switzerland",
        "AlphaCode": "CH"
    },
    {
        "country": "Syria",
        "AlphaCode": "SY"
    },
    {
        "country": "Tajikistan",
        "AlphaCode": "TJ"
    },
    {
        "country": "Tanzania",
        "AlphaCode": "TZ"
    },
    {
        "country": "Thailand",
        "AlphaCode": "TH"
    },
    {
        "country": "The Democratic Republic of Congo",
        "AlphaCode": "CD"
    },
    {
        "country": "Timor-Leste",
        "AlphaCode": "TL"
    },
    {
        "country": "Togo",
        "AlphaCode": "TG"
    },
    {
        "country": "Tokelau",
        "AlphaCode": "TK"
    },
    {
        "country": "Tonga",
        "AlphaCode": "TO"
    },
    {
        "country": "Trinidad and Tobago",
        "AlphaCode": "TT"
    },
    {
        "country": "Tunisia",
        "AlphaCode": "TN"
    },
    {
        "country": "Turkey",
        "AlphaCode": "TR"
    },
    {
        "country": "Turkmenistan",
        "AlphaCode": "TM"
    },
    {
        "country": "Turks and Caicos Islands",
        "AlphaCode": "TC"
    },
    {
        "country": "Tuvalu",
        "AlphaCode": "TV"
    },
    {
        "country": "Uganda",
        "AlphaCode": "UG"
    },
    {
        "country": "Ukraine",
        "AlphaCode": "UA"
    },
    {
        "country": "United Arab Emirates",
        "AlphaCode": "AE"
    },
    {
        "country": "United Kingdom",
        "AlphaCode": "GB"
    },
    {
        "country": "United States",
        "AlphaCode": "US"
    },
    {
        "country": "United States Minor Outlying Islands",
        "AlphaCode": "UM"
    },
    {
        "country": "Uruguay",
        "AlphaCode": "UY"
    },
    {
        "country": "Uzbekistan",
        "AlphaCode": "UZ"
    },
    {
        "country": "Vanuatu",
        "AlphaCode": "VU"
    },
    {
        "country": "Venezuela",
        "AlphaCode": "VE"
    },
    {
        "country": "Vietnam",
        "AlphaCode": "VN"
    },
    {
        "country": "Virgin Islands, British",
        "AlphaCode": "VG"
    },
    {
        "country": "Virgin Islands, U.S.",
        "AlphaCode": "VI"
    },
    {
        "country": "Wallis and Futuna",
        "AlphaCode": "WF"
    },
    {
        "country": "Western Sahara",
        "AlphaCode": "EH"
    },
    {
        "country": "Yemen",
        "AlphaCode": "YE"
    },
    {
        "country": "Zambia",
        "AlphaCode": "ZM"
    },
    {
        "country": "Zimbabwe",
        "AlphaCode": "ZW"
    }
    ]
  